message_id,text,channel,gold_intent,derived_intent,discovery_agrees,review_status,reviewer_note
msg_00003,Not sure who to ask about this but how do exchanges work? Thanks!,chat,exchange_item,noise,False,pending,
msg_00014,Not sure who to ask about this but I can't log into my account. It keeps saying account not found. Thanks in advance.,email,account_login_issue,account_login_issue,True,pending,
msg_00019,"HEY, PLEASE EXCHANGE THE ESPRESSO MACHINE FOR THE LARGER SIZE. CHEERS.",email,exchange_item,UNMAPPED_cluster_21,False,pending,
msg_00048,Quick question - the espresso machine arrived damaged. This is unacceptable for the price.,chat,damaged_item,UNMAPPED_cluster_21,False,pending,
msg_00061,"Hey, I ordered my new backpack but got something completely different. The packing slip has someone else's name on it. Let me know.",email,wrong_item_received,UNMAPPED_cluster_11,False,pending,
msg_00063,my parcel came half empty. is it being sent separately?? any help appreciated.,chat,missing_item,noise,False,pending,
msg_00084,"Hello, how do I pause my monthly delivery? I've got too much stock at home already. I'd really appreciate a quick response.",email,subscription_manage,subscription_manage,True,pending,
msg_00141,"Hi OrderBuddy, please stop my recurring order. Please advise.",chat,subscription_manage,cancel_order,False,pending,
msg_00153,"hi, you promised delivery yesterday and nothing has arrived. i need some replacement filters before the weekend. i'd really appreciate a quick response.",email,delivery_delay,noise,False,pending,
msg_00196,I need some help please. my order turned up broken. I've taken photos if you need them. I'd really appreciate a quick response.,email,damaged_item,damaged_item,True,pending,
msg_00197,"hi there, i need to change the card on #ob1577.",email,change_payment_method,change_payment_method,True,pending,
msg_00204,Quick question - I can't log into my account. Nothing in my spam folder either. Please get back to me asap.,email,account_login_issue,account_login_issue,True,pending,
msg_00217,Please redirect my parcel to my work address. The postcode is wrong on the oder. Please advise,chat,change_shipping_address,change_shipping_address,True,pending,
msg_00244,"Hello, I need to cancel the order I placed last month. I found it cheaper elsewhere.",chat,cancel_order,cancel_order,True,pending,
msg_00308,I received the wrong item. The packing slip has someone else's name on it.,email,wrong_item_received,wrong_item_received,True,pending,
msg_00339,"Hello support, you sent me teh wrong thing in #882664. The packing slip has someone else's name on it. Thanks!",chat,wrong_item_received,wrong_item_received,True,pending,
msg_00356,I've been waiting on hold so I'm trying here instead. I was told I'd be refunded yesterday and nothing has arrived. Thanks!,chat,refund_status,refund_status,True,pending,
msg_00360,I need some help please. I opened the box and my new backpack was smashed. This is unacceptable for the price,web_form,damaged_item,UNMAPPED_cluster_11,False,pending,
msg_00385,"Hi tehre, can you apply my discount retroactively? Thanks.",email,discount_promo_code,discount_promo_code,True,pending,
msg_00397,"Hi, please stop my recurring order. Thanks in advance.",email,subscription_manage,cancel_order,False,pending,
msg_00418,"Hi, can I change my subscription frequency? Please confirm nothing further will be charged. Any help appreciated.",email,subscription_manage,subscription_manage,True,pending,
msg_00427,"Good morning, I've moved house, please update my shipping address. It hasn't shipped yet so hopefully it's not too late. Please advise.",email,change_shipping_address,change_shipping_address,True,pending,
msg_00433,Do you have the standing desk in stock? Thanks!,chat,product_availability,UNMAPPED_cluster_16,False,pending,
msg_00459,I've been waiting on hold so I'm trying here instead. is it too late to cancel OB-93383? I don't need it any more. Regards.,web_form,cancel_order,cancel_order,True,pending,
msg_00493,Quick question - can you tell me what's happening with order 424417? I never got a shipping confirmation email. Thanks!,chat,order_status,order_status,True,pending,
msg_00563,I've been waiting on hold so I'm trying here instead. I paid for next day delivery and it's been two weeks ago. I've taken time off work waiting for this. Please get back to me asap.,email,delivery_delay,delivery_delay,True,pending,
msg_00564,This is the third time I'm writing in. you sent me the wrong thing in order 388061. I ordered a medium and received an extra small. Regards,web_form,wrong_item_received,UNMAPPED_cluster_10,False,pending,
msg_00599,Sorry to bother you but I can't log into my account. I need to get in to track order 173797.,email,account_login_issue,UNMAPPED_cluster_7,False,pending,
msg_00611,quick question - one of the items on my invoice never turned up. thank you.,web_form,missing_item,noise,False,pending,
msg_00615,Is the blue running shoes being restocked? Cheers.,web_form,product_availability,noise,False,pending,
msg_00630,Quick question - I need to cancel the order I placed on the 14th. I ordered the wrong size.,web_form,cancel_order,cancel_order,True,pending,
msg_00670,"Good morning, how do I return an item? Do I have to pay for return postage? Cheers.",web_form,return_request,exchange_item,False,pending,
msg_00674,Still waiting on the refund for the yoga mat. It's been over two weeks now. Please get back to me asap.,chat,refund_status,noise,False,pending,
msg_00681,I've been waiting on hold so I'm trying here instead. my winter jacket arrived damaged. I've taken photos if you need them.,chat,damaged_item,UNMAPPED_cluster_11,False,pending,
msg_00690,Do you have any offers on my new backpack? Can you refund the difference?,chat,discount_promo_code,UNMAPPED_cluster_11,False,pending,
msg_00721,Quick question - I placed an order three days ago and I still have no idea where it is. The tracking page hasn't updated in days.,web_form,order_status,order_status,True,pending,
msg_00726,"I need some help please. I've changed my mind, please cancel. Please confirm the cancellation in writing.",email,cancel_order,cancel_order,True,pending,
msg_00774,"Hi, I'd like to swap this for another colour. Do I need to return the original first? Thanks in advance.",email,exchange_item,noise,False,pending,
msg_00829,"I've changed my mind, please cancel. I don't need it any more. Any help appreciated.",email,cancel_order,cancel_order,True,pending,
msg_00867,please stop my recurring order. i've got too much stock at home already. please advise.,email,subscription_manage,cancel_order,False,pending,
msg_00888,"Hi team, I need to update what's in my subscription box. I've got too much stock at home already.",chat,subscription_manage,subscription_manage,True,pending,
msg_00908,I need some help please. could you resend the receipt for #OB7911? Please get back to me asap.,email,invoice_receipt_request,invoice_receipt_request,True,pending,
msg_00913,Chasing the refund on #OB9032. The tracking shows you received it. Thanks.,email,refund_status,refund_status,True,pending,
msg_00916,I ordered the air fryer on the 14th and I've heard nothing since. Please get back to me asap.,email,order_status,product_availability,False,pending,
msg_00945,I need some help please. you confirmed my return but I haven't been refunded. Nothing has shown up on my bank statement.,web_form,refund_status,refund_status,True,pending,
msg_00947,DO YOU HAVE ANY OFFERS ON A BLUETOOTH SPEAKER? CHEERS.,email,discount_promo_code,exchange_item,False,pending,
msg_00952,"hi, one of the items on my invoice never turned up. cheers.",email,missing_item,noise,False,pending,
msg_00964,Can you email me the invoice for the oder I placed two weeks ago? My accountant needs it for the quarter. Please get back to me asap.,web_form,invoice_receipt_request,invoice_receipt_request,True,pending,
msg_00966,"Hello, I want to return the blue running shoes.",chat,return_request,noise,False,pending,
msg_00986,"Hi there, somebody else's order arrived at my house. I ordered a medium and received an extra small. Thanks.",web_form,wrong_item_received,UNMAPPED_cluster_10,False,pending,
msg_01048,"I've moved house, please update my shipping address. I'll send the new address once you confirm. Thanks.",web_form,change_shipping_address,change_shipping_address,True,pending,
msg_01084,"Hello, I ordered the standing desk last month and I've heard nothing since. The tracking page hasn't updated in days.",chat,order_status,UNMAPPED_cluster_16,False,pending,
msg_01090,"hi there, is there a waiting list for out of stock items? i've been checking the site every day. any help appreciated.",email,product_availability,product_availability,True,pending,
msg_01096,"hi orderbuddy, still waiting on the refund for a pair of headphones. nothing has shown up on my bank statement. please get back to me asap.",email,refund_status,exchange_item,False,pending,
msg_01098,Sorry to bother you but can I still cancel order 798986 before it ships? It hasn't shipped yet as far as I can tell. Cheers.,email,cancel_order,cancel_order,True,pending,
msg_01099,Not sure who to ask about this but I ordered a bluetooth speaker nearly ten days ago and I've heard nothing since. Regards.,chat,order_status,exchange_item,False,pending,
msg_01111,"Good morning, how do I update the delivery address? It hasn't shipped yet so hopefully it's not too late.",email,change_shipping_address,change_shipping_address,True,pending,
msg_01141,"Hi team, starting a return for a set of bed sheets. Do I have to pay for return postage? Thank you.",email,return_request,exchange_item,False,pending,
msg_01195,"Hello support, is teh kitchen scales being restocked?? Thanks in advance.",email,product_availability,UNMAPPED_cluster_10,False,pending,
msg_01224,"Hey, I need to arrange a return. Where do I send it? Can you help?",chat,return_request,return_request,True,pending,
msg_01248,This order is now a week overdue. The tracking has said out for delivery for two days. Let me know.,email,delivery_delay,delivery_delay,True,pending,
msg_01272,I've been waiting on hold so I'm trying here instead. how do exchanges work? Thanks in advance.,web_form,exchange_item,noise,False,pending,
msg_01456,Sorry to bother you but one of the items on my invoice never turned up. I was charged for the full order.,web_form,missing_item,noise,False,pending,
msg_01483,Part of my order is missing. I was charged for the full order. Thank you,email,missing_item,missing_item,True,pending,
msg_01512,Can I return the running watch that I bought on the 3rd? It's still unopened in the original packaging.,chat,return_request,UNMAPPED_cluster_22,False,pending,
msg_01518,sorry to bother you but i want to check the status of my order.,email,order_status,order_status,True,pending,
msg_01521,Not sure who to ask about this but I can't log into my account. It keeps saying account not found. Please get back to me asap.,chat,account_login_issue,account_login_issue,True,pending,
msg_01522,I want to check the status of my order.,chat,order_status,order_status,True,pending,
msg_01530,this is the third time i'm writing in. is it too late to cancel order 950963? please confirm the cancellation in writing. can you help?,web_form,cancel_order,cancel_order,True,pending,
msg_01535,Instead of a refund can I just exchange it? I'd rather have the black one. Thanks in advance.,chat,exchange_item,noise,False,pending,
msg_01652,"Hi there, the packaging was crushed and the contents are ruined. Cheers.",chat,damaged_item,damaged_item,True,pending,
msg_01669,I've been waiting on hold so I'm trying here instead. can you email me the invoice for the order I placed back in June? My accountant needs it for the quarter. Can you help?,web_form,invoice_receipt_request,invoice_receipt_request,True,pending,
msg_01680,sorry to botehr you but i want to cancel my subscription. i've got too much stock at home already. any help appreciated.,chat,subscription_manage,cancel_order,False,pending,
msg_01684,"Hello support, I need an invoice for my records. I can't find it in my account.",email,invoice_receipt_request,invoice_receipt_request,True,pending,
msg_01697,"Hello, I'm locked out of my account. Thank you.",email,account_login_issue,account_login_issue,True,pending,
msg_01712,"HI TEAM, THE COURIER KEEPS SAYING DELAYED WITH NO EXPLANATION. I NEED MY NEW BACKPACK BEFORE THE WEEKEND. CAN YOU HELP?",web_form,delivery_delay,noise,False,pending,
msg_01720,Quick question - please redirect my parcel to my work address. It hasn't shipped yet so hopefully it's not too late.,chat,change_shipping_address,change_shipping_address,True,pending,
msg_01769,I've been waiting on hold so I'm trying here instead. OB-75955 arrived but one item wasn't in the box. Is it being sent separately?,email,missing_item,missing_item,True,pending,
msg_01797,Can you send my order to a different address?? Thanks!,chat,change_shipping_address,change_shipping_address,True,pending,
msg_01816,"Hi team, what's the current status of order 713678? The app just says processing. Please advise.",email,order_status,order_status,True,pending,
msg_01830,The screen was already broken when it arrived.,chat,damaged_item,damaged_item,True,pending,
msg_01850,This is the third time I'm writing in. the item in the box isn't what I ordered. The packing slip has someone else's name on it. Cheers.,email,wrong_item_received,wrong_item_received,True,pending,
msg_01907,"Hi oderBuddy, still waiting on the refund for the coffee grinder. I have the return receipt if you need it.",email,refund_status,UNMAPPED_cluster_21,False,pending,
msg_01953,Not sure who to ask about this but you confirmed my return but I haven't been refunded. I have the return receipt if you need it. Regards.,chat,refund_status,refund_status,True,pending,
msg_01961,"Hey, my order is late.",chat,delivery_delay,delivery_delay,True,pending,
msg_01993,"Good morning, I need to arrange a return. pls advise.",chat,return_request,return_request,True,pending,
msg_02003,"Hello, please redirect my parcel to my work address. I'll send the new address once you confirm. Thanks",web_form,change_shipping_address,change_shipping_address,True,pending,
msg_02034,"Hello support, how do I return an item?? It doesn't fit. Thanks!",email,return_request,return_request,True,pending,
msg_02053,"Hello support, I want to check the status of my order. The app just says processing. Please advise.",chat,order_status,order_status,True,pending,
msg_02060,"Hello, received the kitchen scales two weeks ago and it's clearly damaged. I want a replacement, not a refund. Let me know.",chat,damaged_item,UNMAPPED_cluster_10,False,pending,
msg_02135,I've been waiting on hold so I'm trying here instead. can I get a receipt for #OB2702? The confirmation email doesn't count as an invoice. Can you help,chat,invoice_receipt_request,invoice_receipt_request,True,pending,
msg_02148,"Hi team, I want to return my new backpack. The colour is nothing like the photos",chat,return_request,UNMAPPED_cluster_11,False,pending,
msg_02174,I paid for next day delivery and it's been over a week ago. This is really frustrating.,email,delivery_delay,delivery_delay,True,pending,
msg_02209,"Hey, how do I cancel an order? I ordered twice by accident.",web_form,cancel_order,cancel_order,True,pending,
msg_02235,Any update on #887384? I odered the desk lamp. Thanks in advance.,email,order_status,UNMAPPED_cluster_16,False,pending,
msg_02255,This is the third time I'm writing in. I want to trade this in for a different model. I'd rather have the black one. Please get back to me asap.,chat,exchange_item,noise,False,pending,
msg_02325,"Hello support, is there a waiting list for out of stock items? Regards.",email,product_availability,product_availability,True,pending,
msg_02364,Is there a waiting list for out of stock items?,web_form,product_availability,product_availability,True,pending,
msg_02369,I paid for next day delivery and it's been last Tuesday. The tracking has said out for delivery for two days.,email,delivery_delay,delivery_delay,True,pending,
msg_02372,"Hello support, I'm locked out of my account. It keeps saying account not found. Regards.",chat,account_login_issue,account_login_issue,True,pending,
msg_02392,This is the third time I'm writing in. I'd like to call off my order for my winter jacket. I don't need it any more.,chat,cancel_order,UNMAPPED_cluster_11,False,pending,
msg_02421,This is the third time I'm writing in. the packaging was crushed and the contents are ruined. This is unacceptable for the price. Thanks.,chat,damaged_item,damaged_item,True,pending,
msg_02476,I need some help please. can you apply my discount retroactively? Any help appreciated,chat,discount_promo_code,discount_promo_code,True,pending,
msg_02513,How do I change teh email on my account? Nothing in my spam folder either. Cheers.,chat,account_login_issue,UNMAPPED_cluster_7,False,pending,
msg_02520,"Hello support, do you have the air fryer in stock? I need it in a size 10. Any help appreciated.",web_form,product_availability,product_availability,True,pending,
msg_02524,I've been waiting on hold so I'm trying here instead. the box arrived but it was missing an item. I was charged for the full order. Thanks.,email,missing_item,missing_item,True,pending,
msg_02531,This is the third time I'm writing in. received the coffee grinder last month and it's clearly damaged. It doesn't power on at all. I'd really appreciate a quick response.,email,damaged_item,UNMAPPED_cluster_21,False,pending,
msg_02578,I want to check the status of my order. The tracking page hasn't updated in days.,chat,order_status,order_status,True,pending,
msg_02582,"Hi there, still waiting on the refund for two phone cases. It's been over two weeks now. Please get back to me asap.",web_form,refund_status,exchange_item,False,pending,
msg_02615,"Hey, I received the wrong item. Regards.",email,wrong_item_received,wrong_item_received,True,pending,
msg_02620,Not sure who to ask about this but do you have any offers on the blue running shoes? Can you refund the difference? Any help appreciated.,email,discount_promo_code,noise,False,pending,
msg_02629,How do I pause my monthly delivery? Let me know.,email,subscription_manage,subscription_manage,True,pending,
msg_02640,I can't log into my account. Any help appreciated.,email,account_login_issue,account_login_issue,True,pending,
msg_02665,This is the third time I'm writing in. I need to arrange a return. I'm within the 30 day window I think. pls get back to me asap.,email,return_request,return_request,True,pending,
msg_02689,Quick question - my refund hasn't come through yet. The tracking shows you received it. Regards.,email,refund_status,refund_status,True,pending,
msg_02746,"hi there, can you tell me what's happening with order 733814? the tracking page hasn't updated in days.",email,order_status,order_status,True,pending,
msg_02782,"Hi, order 975549 was due on Friday and it still hasn't turned up. This is really frustrating.",web_form,delivery_delay,order_status,False,pending,
msg_02823,Can I switch to paypal for #OB1300? The card was cancelled after fraud on my account. Thank you.,web_form,change_payment_method,change_payment_method,True,pending,
msg_02870,"Hi, I need to cancel the oder I placed on the 3rd. Can you help?",web_form,cancel_order,cancel_order,True,pending,
msg_02975,I've been waiting on hold so I'm trying here instead. please cancel my order. I ordered the wrong size. Thank you.,chat,cancel_order,cancel_order,True,pending,
msg_02976,not sure who to ask about this but i need to exchange ob-52136 for the correct item. i'd rather have the black one.,email,exchange_item,noise,False,pending,
msg_02987,Why was I charged full price when I used a voucher? The code was WELCOME20. I'd really appreciate a quick response.,web_form,discount_promo_code,discount_promo_code,True,pending,
msg_03032,"Good morning, I want to trade this in for a different model. Any help appreciated.",email,exchange_item,noise,False,pending,
msg_03072,"Hey, I'd like to call off my order for two phone cases. Any help appreciated.",web_form,cancel_order,exchange_item,False,pending,
msg_03087,You sent me the wrong thing in #OB3849. I ordered a medium and received an extra small. Cheers.,email,wrong_item_received,UNMAPPED_cluster_10,False,pending,
msg_03156,Why was I charged full price when I used a voucher? It said code expired but it shouldn't be. Cheers.,email,discount_promo_code,discount_promo_code,True,pending,
msg_03167,QUICK QUESTION - THE SCREEN WAS ALREADY BROKEN WHEN IT ARRIVED. I'VE TAKEN PHOTOS IF YOU NEED THEM. LET ME KNOW.,email,damaged_item,damaged_item,True,pending,
msg_03169,I ordered the desk lamp last Tuesday and I've heard nothing since. The tracking number you sent doesn't work. Let me know.,email,order_status,UNMAPPED_cluster_16,False,pending,
msg_03178,"Hello, how do I change the email on my account? It keeps saying account not found. Please advise.",web_form,account_login_issue,UNMAPPED_cluster_7,False,pending,
msg_03190,"Hey, any update on #427272? Let me know.",chat,order_status,order_status,True,pending,
msg_03329,I've been waiting on hold so I'm trying here instead. this order is now a week overdue. I've taken time off work waiting for this. Thanks in advance.,web_form,delivery_delay,delivery_delay,True,pending,
msg_03345,"Good morning, how do I update the delivery address? It hasn't shipped yet so hopefully it's not too late. Regards.",chat,change_shipping_address,change_shipping_address,True,pending,
msg_03347,"Hello, my parcel came half empty.",email,missing_item,noise,False,pending,
msg_03390,Not sure who to ask about this but the courier keeps saying delayed with no explanation. This is really frustrating. Let me know.,email,delivery_delay,noise,False,pending,
msg_03399,"Hi OrderBuddy, please cancel my order. I found it cheaper elsewhere. I'd really appreciate a quick response.",email,cancel_order,cancel_order,True,pending,
msg_03405,How do exchanges work? Happy to pay any difference in price. Cheers,web_form,exchange_item,noise,False,pending,
msg_03406,"Hey, I need to cancel the order I placed three days ago. I ordered twice by accident. Can you help?",chat,cancel_order,cancel_order,True,pending,
msg_03462,"Hey, I returned the coffee grinder nearly ten days ago and still no refund. Can you check which card it went back to?? Thank you.",chat,refund_status,UNMAPPED_cluster_14,False,pending,
msg_03470,This is teh third time I'm writing in. how do exchanges work? Happy to pay any difference in price. Any help appreciated.,chat,exchange_item,noise,False,pending,
msg_03477,"Hi OrderBuddy, somebody else's order arrived at my house. Do I need to send this one back?",web_form,wrong_item_received,wrong_item_received,True,pending,
msg_03545,This is the third time I'm writing in. will you get more of my winter jacket in? Thanks.,email,product_availability,UNMAPPED_cluster_11,False,pending,
msg_03554,I need some help please. the packaging was crushed and the contents are ruined. I've taken photos if you need them. Let me know.,chat,damaged_item,damaged_item,True,pending,
msg_03564,"Hi, I've moved house, please update my shipping address. I put my old flat number in. Thanks",web_form,change_shipping_address,change_shipping_address,True,pending,
msg_03570,"Hi OrderBuddy, can I pay with a different card?? My bank flagged the transaction. Regards.",email,change_payment_method,change_payment_method,True,pending,
msg_03582,"Hello support, wrong product delivered for 93228388. I ordered a medium and received an extra small. Regards.",email,wrong_item_received,UNMAPPED_cluster_10,False,pending,
msg_03588,Quick question - how do exchanges work? I'd rather have the black one. Thank you.,web_form,exchange_item,noise,False,pending,
msg_03711,"Hello, my refund hasn't come through yet. It's been over two weeks now",web_form,refund_status,refund_status,True,pending,
msg_03715,"Hi, the box arrived but it was missing an item. Cheers.",web_form,missing_item,missing_item,True,pending,
msg_03737,"Hello, can you email me the invoice for the order I placed on the 14th? My accountant needs it for the quarter. Let me know.",email,invoice_receipt_request,invoice_receipt_request,True,pending,
msg_03870,"Hey, the item in the box isn't what I ordered. Please get back to me asap.",email,wrong_item_received,wrong_item_received,True,pending,
msg_03913,"Hey, what's the current status of OB-64131? The app just says processing. Please get back to me asap.",email,order_status,order_status,True,pending,
msg_03944,This is the third time I'm writing in. please update the payment method for my order. Regards.,chat,change_payment_method,change_payment_method,True,pending,
msg_03951,Checking in on 95522426 - has it shipped yet? teh app just says processing. Thank you.,web_form,order_status,order_status,True,pending,
msg_03968,"Hi tehre, when will the espresso machine be back in stock? Cheers.",web_form,product_availability,UNMAPPED_cluster_21,False,pending,
msg_03972,Quick question - I'd like to send back #OB4239. Where do I send it? Please advise.,email,return_request,return_request,True,pending,
msg_04021,"hello, is the wireless keyboard being restocked? i'd really appreciate a quick response",email,product_availability,noise,False,pending,
msg_04045,"Hello, can I switch to paypal for #OB8345? Regards.",chat,change_payment_method,change_payment_method,True,pending,
msg_04058,"My payment failed, how do I update it? teh new card is already on my account. Let me know.",chat,change_payment_method,change_payment_method,True,pending,
msg_04087,Can I pay with a different card? The card was cancelled after fraud on my account. Any help appreciated.,chat,change_payment_method,change_payment_method,True,pending,
msg_04103,"Hello support, can I still cancel #138643 before it ships? I ordered the wrong size. Cheers.",email,cancel_order,cancel_order,True,pending,
msg_04133,"Hi team, I need to arrange a return. The colour is nothing like the photos. Please get back to me asap.",email,return_request,UNMAPPED_cluster_11,False,pending,
msg_04158,I've been waiting on hold so I'm trying here instead. #OB8058 arrived but one item wasn't in the box. I was charged for the full order. Thanks in advance.,email,missing_item,missing_item,True,pending,
msg_04184,This is the third time I'm writing in. can you email me the invoice for the order I placed nearly ten days ago? My accountant needs it for the quarter. Thanks.,email,invoice_receipt_request,invoice_receipt_request,True,pending,
msg_04197,"Hi OrderBuddy, will you get more of the coffee grinder in? Can you notify me when it's available?",email,product_availability,UNMAPPED_cluster_21,False,pending,
msg_04259,"Good morning, my account seems to have been deleted. It keeps saying account not found. I'd really appreciate a quick response.",chat,account_login_issue,account_login_issue,True,pending,
msg_04274,I've been waiting on hold so I'm trying here instead. please update the payment method for my order.,chat,change_payment_method,change_payment_method,True,pending,
msg_04276,when will i get my money back for 86952145? it's been over two weeks now.,email,refund_status,UNMAPPED_cluster_14,False,pending,
msg_04297,I've been waiting on hold so I'm trying here instead. I'd like to swap this for another colour. Thank you.,email,exchange_item,noise,False,pending,
msg_04307,"Hey, my promo code didn't work. Can you refund the difference?",email,discount_promo_code,discount_promo_code,True,pending,
msg_04323,"Hi, how do I pause my monthly delivery? Thanks.",web_form,subscription_manage,subscription_manage,True,pending,
msg_04332,"Good morning, where do I download my receipt? The confirmation email doesn't count as an invoice. Regards.",email,invoice_receipt_request,invoice_receipt_request,True,pending,
msg_04369,"hi, i recieved the wrong item. please send the correct item as soon as possible. i'd really appreciate a quick response",chat,wrong_item_received,wrong_item_received,True,pending,
msg_04386,"Hi there, how do I cancel an oder? I ordered twice by accident. Any help appreciated.",email,cancel_order,cancel_order,True,pending,
msg_04395,"Not sure who to ask about this but I've moved house, please update my shipping address. Please get back to me asap.",web_form,change_shipping_address,change_shipping_address,True,pending,
msg_04397,Is my order actually on its way or not? I'd really appreciate a quick response,email,order_status,noise,False,pending,
msg_04427,"Hello support, please update the payment method for my order. I don't want the order held up over this. Thank you.",web_form,change_payment_method,change_payment_method,True,pending,
msg_04442,"Hi OrderBuddy, wrong product delivered for order 236207. The packing slip has someone else's name on it.",web_form,wrong_item_received,wrong_item_received,True,pending,
msg_04446,Where do I download my receipt? The confirmation email doesn't count as an invoice. Thanks in advance.,chat,invoice_receipt_request,invoice_receipt_request,True,pending,
msg_04456,Why was I charged full price when I used a voucher? Let me know.,email,discount_promo_code,discount_promo_code,True,pending,
msg_04469,not sure who to ask about this but you confirmed my return but i haven't been refunded. it's been over two weeks now. let me know.,web_form,refund_status,refund_status,True,pending,
msg_04537,"Hi, do you have the coffee grinder in stock? I need it in a size 10. Let me know.",email,product_availability,UNMAPPED_cluster_21,False,pending,
msg_04562,I'd like to call off my order for the kitchen scales. I found it cheaper elsewhere. Can you help,chat,cancel_order,UNMAPPED_cluster_10,False,pending,
msg_04627,"Hello, the screen was already broken when it arrived. The box looked fine from the outside. pls get back to me asap.",chat,damaged_item,damaged_item,True,pending,
msg_04628,Quick question - will you get more of the air fryer in? Can you notify me when it's available? Cheers.,email,product_availability,product_availability,True,pending,
msg_04722,"wrong address on 61005503, can you fix it? i put my old flat number in. thank you.",chat,change_shipping_address,change_shipping_address,True,pending,
msg_04775,This order is now a week overdue. Thanks in advance.,chat,delivery_delay,delivery_delay,True,pending,
msg_04781,What's the current status of #838317? The tracking number you sent doesn't work. Cheers.,web_form,order_status,order_status,True,pending,
msg_04784,I returned teh running watch two weeks ago and still no refund. Can you check which card it went back to? Cheers.,email,refund_status,UNMAPPED_cluster_14,False,pending,
msg_04808,My refud hasn't come through yet. Can you check which card it went back to?,email,refund_status,UNMAPPED_cluster_14,False,pending,
msg_04822,NOT SURE WHO TO ASK ABOUT THIS BUT CAN I EXCHANGE THE AIR FRYER FOR A DIFFERENT SIZE? PLEASE GET BACK TO ME ASAP.,web_form,exchange_item,product_availability,False,pending,
msg_04826,"I've been waiting on hold so I'm trying here instead. I've moved house, please update my shipping address. I put my old flat number in.",email,change_shipping_address,change_shipping_address,True,pending,
msg_04833,"Hello support, I have a 20% off code but it's being rejected. Can you refund the difference?",web_form,discount_promo_code,noise,False,pending,
msg_04869,Quick question - I'd like to swap this for another colour. I'd rather have the black one. Please advise.,web_form,exchange_item,noise,False,pending,
msg_04891,I've been waiting on hold so I'm trying here instead. the item in the box isn't what I ordered. Please get back to me asap.,email,wrong_item_received,wrong_item_received,True,pending,
msg_04932,I need some help please. I returned the air fryer earlier this month and still no refund.,web_form,refund_status,product_availability,False,pending,
msg_04937,"Hello support, I'd like to send back oder 782206. I'm within the 30 day window I think. Please get back to me asap",chat,return_request,return_request,True,pending,
msg_04944,"Hello support, is there a waiting list for out of stock items? Regards.",email,product_availability,product_availability,True,pending,
msg_04946,I need to change the card on OB-64221. The card was cancelled after fraud on my account.,email,change_payment_method,change_payment_method,True,pending,
msg_04962,I need an invoice for my records. The confirmation email doesn't count as an invoice.,chat,invoice_receipt_request,invoice_receipt_request,True,pending,
msg_04973,You sent me the wrong thing in order 957190. Please send the correct item as soon as possible. Thank you.,email,wrong_item_received,wrong_item_received,True,pending,
msg_05001,I've been waiting on hold so I'm trying here instead. can I still cancel order 705360 before it ships? Thanks.,email,cancel_order,cancel_order,True,pending,
msg_05025,"Hi team, can I skip next month's delivery? Can you help?",chat,subscription_manage,subscription_manage,True,pending,
msg_05050,"Hello, please update the payment method for my order. My bank flagged the transaction. Cheers.",chat,change_payment_method,change_payment_method,True,pending,
msg_05082,"Hi team, can I return the coffee grinder that I bought on the 3rd? Cheers.",email,return_request,UNMAPPED_cluster_21,False,pending,
msg_05129,this is the third time i'm writing in. i entered the old address by mistake on #ob3430. the postcode is wrong on the order. i'd really appreciate a quick response.,email,change_shipping_address,change_shipping_address,True,pending,
msg_05139,I paid for next day delivery and it's been earlier this month. This is really frustrating. I'd really appreciate a quick response.,email,delivery_delay,delivery_delay,True,pending,
msg_05140,"Hello support, can I skip next month's delivery? I'd like it every two months instead. Please get back to me asap.",email,subscription_manage,subscription_manage,True,pending,
msg_05180,"Hi OrderBuddy, can I switch to paypal for 61900727? Thanks",email,change_payment_method,change_payment_method,True,pending,
msg_05273,"Hi, instead of a refund can I just exchange it? Do I need to return the original first? Let me know.",web_form,exchange_item,noise,False,pending,
msg_05292,"Hi OrderBuddy, how do I pause my monthly delivery? I've got too much stock at home already. Let me know.",email,subscription_manage,subscription_manage,True,pending,
msg_05316,"Hi there, my parcel is way past its estimated delivery date. This is really frustrating. Any help appreciated.",chat,delivery_delay,delivery_delay,True,pending,
msg_05323,how do i return an item? do i have to pay for return postage? can you help?,chat,return_request,exchange_item,False,pending,
msg_05348,I NEED SOME HELP PLEASE. THIS ORDER IS NOW A WEEK OVERDUE. I NEED TWO PHONE CASES BEFORE THE WEEKEND. THANKS IN ADVANCE.,chat,delivery_delay,exchange_item,False,pending,
msg_05389,"I want to send this back, it isn't what I expected. Do I have to pay for return postage? Can you help?",web_form,return_request,exchange_item,False,pending,
msg_05410,The item in the box isn't what I ordered. Do I need to send this one back?,email,wrong_item_received,wrong_item_received,True,pending,
msg_05420,This is the third time I'm writing in. I ordered my new backpack but got something completely different.,chat,wrong_item_received,UNMAPPED_cluster_11,False,pending,
msg_05461,"Good morning, the delivery date has been pushed back twice now. This is really frustrating. Cheers.",email,delivery_delay,delivery_delay,True,pending,
msg_05482,Can I pay with a different card? The new card is already on my account. Any help appreciated.,web_form,change_payment_method,change_payment_method,True,pending,
msg_05484,"Hello support, somebody else's order arrived at my house. Cheers.",email,wrong_item_received,wrong_item_received,True,pending,
msg_05504,"I've been waiting on hold so I'm trying here instead. I want to send this back, it isn't what I expected. The colour is nothing like the photos. Please advise.",chat,return_request,UNMAPPED_cluster_11,False,pending,
msg_05505,Can you send my order to a different address? Thanks!,web_form,change_shipping_address,change_shipping_address,True,pending,
msg_05521,"Good morning, I can't see my order history since the update. Nothing in my spam folder either. Let me know.",web_form,account_login_issue,noise,False,pending,
msg_05568,"Hi OrderBuddy, the item in order 278175 is cracked. I've taken photos if you need them. Cheers.",email,damaged_item,damaged_item,True,pending,
msg_05571,"Hi OrderBuddy, can you send my order to a different address? Can you help?",chat,change_shipping_address,change_shipping_address,True,pending,
msg_05586,not sure who to ask about this but i'm locked out of my account. i've tried resetting three times. any help appreciated.,chat,account_login_issue,account_login_issue,True,pending,
msg_05587,One of the items on my invoice never turned up. I was charged for the full order. Let me know.,chat,missing_item,noise,False,pending,
msg_05597,Quick question - I need to arrange a return. The colour is nothing like the photos. Regards.,email,return_request,UNMAPPED_cluster_11,False,pending,
msg_05617,Please exchange the desk lamp for the larger size. Thanks in advance.,chat,exchange_item,UNMAPPED_cluster_16,False,pending,
msg_05630,I need some help please. my new backpack is missing from my delivery. The packing slip lists it but it isn't there. Please advise.,email,missing_item,UNMAPPED_cluster_11,False,pending,
msg_05635,Quick question - my refund hasn't come through yet. The tracking shows you received it. Regards.,chat,refund_status,refund_status,True,pending,
msg_05673,Sorry to bother you but I need to exchange #179303 for the correct item. I ordered a medium but I need a large. Thank you.,chat,exchange_item,noise,False,pending,
msg_05691,"I need some help please. I want to send this back, it isn't what I expected. Thanks.",email,return_request,return_request,True,pending,
msg_05692,"Hi team, I need a proper invoice for expenses. The confirmation email doesn't count as an invoice. Thanks.",chat,invoice_receipt_request,invoice_receipt_request,True,pending,
msg_05703,"Hey, can you tell me if my winter jacket will return? I need it in a size 10. Can you help?",email,product_availability,UNMAPPED_cluster_11,False,pending,
msg_05727,"Hello, the courier keeps saying delayed with no explanation. I've taken time off work waiting for this. Thank you.",web_form,delivery_delay,noise,False,pending,
msg_05759,"Hello support, why is my delivery taking so long? I've taken time off work waiting for this. Let me know.",email,delivery_delay,noise,False,pending,
msg_05772,Sorry to bother you but I ordered three things and only two arrived. The packing slip lists it but it isn't there.,email,missing_item,missing_item,True,pending,
msg_05787,I want to check the status of my order. I never got a shipping confirmation email. Please get back to me asap.,email,order_status,order_status,True,pending,
msg_05788,Sorry to bother you but how do I cancel an order? Thanks in advance.,email,cancel_order,cancel_order,True,pending,
msg_05807,Sorry to bother you but the desk lamp arrived damaged. This is unacceptable for the price. Thanks!,chat,damaged_item,UNMAPPED_cluster_16,False,pending,
msg_05846,"Cancel #OB9701 please, I ordered by mistake. It hasn't shipped yet as far as I can tell.",chat,cancel_order,cancel_order,True,pending,
msg_05921,Could you look up order 703818 for me and tell me where it's at? The tracking page hasn't updated in days. Please get back to me asap.,chat,order_status,order_status,True,pending,
msg_05935,Will you get more of the kitchen scales in? I need it in a size 10. Any help appreciated.,chat,product_availability,UNMAPPED_cluster_10,False,pending,
msg_05951,Sorry to bother you but I entered the old address by mistake on #784247. I put my old flat number in.,chat,change_shipping_address,change_shipping_address,True,pending,
msg_05953,"Hi OrderBuddy, why is my delivery taking so long? I need the office chair before the weekend.",email,delivery_delay,noise,False,pending,
msg_05969,How do I change the email on my account?,chat,account_login_issue,UNMAPPED_cluster_7,False,pending,
msg_05987,This is the third time I'm writing in. can you apply my discount retroactively? I only ordered because of the offer.,email,discount_promo_code,discount_promo_code,True,pending,
msg_05994,"Hello support, I returned a bluetooth speaker two weeks ago and still no refund. It's been over two weeks now. Please advise.",email,refund_status,exchange_item,False,pending,
msg_05995,I opened the box and the office chair was smashed. Thanks.,chat,damaged_item,UNMAPPED_cluster_16,False,pending,
msg_06017,Not sure who to ask about this but I can't see my order history since the update. Thanks in advance.,email,account_login_issue,noise,False,pending,
msg_06094,I've been waiting on hold so I'm trying here instead. the packaging was crushed and the contents are ruined. I've taken photos if you need them. Any help appreciated.,chat,damaged_item,damaged_item,True,pending,
msg_06115,I've been waiting on hold so I'm trying here instead. can I get a receipt for #OB1449?? The confirmation email doesn't count as an invoice.,email,invoice_receipt_request,invoice_receipt_request,True,pending,
msg_06193,"Hello, I opened the box and the coffee grinder was smashed. This is unacceptable for the price. Cheers.",email,damaged_item,UNMAPPED_cluster_21,False,pending,
msg_06212,"HI TEAM, STILL WAITING ON THE REFUND FOR THE DESK LAMP. CHEERS.",email,refund_status,UNMAPPED_cluster_16,False,pending,
msg_06213,Quick question - will you get more of my new backpack in? I've been checking the site every day. Can you help?,email,product_availability,UNMAPPED_cluster_11,False,pending,
msg_06223,Can I still cancel 93287940 before it ships? I ordered the wrong size.,email,cancel_order,cancel_order,True,pending,
msg_06234,Quick question - where is my refund? Can you check which card it went back to? Let me know.,email,refund_status,UNMAPPED_cluster_14,False,pending,
msg_06253,"Hi, the item I want is showing as sold out. I'd really appreciate a quick response.",email,product_availability,product_availability,True,pending,
msg_06258,quick question - somebody else's oder arrived at my house. do i need to send this one back? thanks in advance.,chat,wrong_item_received,wrong_item_received,True,pending,
msg_06264,Can I return the desk lamp that I bought last month? Regards.,chat,return_request,UNMAPPED_cluster_16,False,pending,
msg_06281,"Hello support, can I return the office chair that I bought at the weekend? Where do I send it? Cheers.",web_form,return_request,UNMAPPED_cluster_16,False,pending,
msg_06313,"Good morning, can you apply my discount retroactively? The code was WELCOME20. Regards.",email,discount_promo_code,discount_promo_code,True,pending,
msg_06400,This is the third time I'm writing in. can I change my subscription frequency? Let me know.,web_form,subscription_manage,subscription_manage,True,pending,
msg_06412,Sorry to bother you but where is my order order 916990? I never got a shipping confirmation email.,chat,order_status,order_status,True,pending,
msg_06453,"Hello support, I have a 20% off code but it's being rejected.",chat,discount_promo_code,noise,False,pending,
msg_06468,I need some help please. the courier keeps saying delayed with no explanation. The tracking has said out for delivery for two days. Cheers.,email,delivery_delay,noise,False,pending,
msg_06477,"I need some help please. I've changed my mind, please cancel. I found it cheaper elsewhere. Cheers.",chat,cancel_order,cancel_order,True,pending,
msg_06498,Not sure who to ask about this but could you resend the receipt for #574144? The confirmation email doesn't count as an invoice. Regards.,chat,invoice_receipt_request,invoice_receipt_request,True,pending,
msg_06550,Sorry to bother you but can I get a receipt for OB-55921? It needs to have my company name on it. Regards.,email,invoice_receipt_request,invoice_receipt_request,True,pending,
msg_06593,This is the third time I'm writing in. I'm being charged monthly and I want it to stop.,email,subscription_manage,cancel_order,False,pending,
msg_06597,Sorry to bother you but why was I charged full price when I used a voucher? Any help appreciated.,chat,discount_promo_code,discount_promo_code,True,pending,
msg_06655,Checking in on #OB9442 - has it shipped yet? Please get back to me asap.,email,order_status,order_status,True,pending,
msg_06678,QUICK QUESTION - MY PASSWORD RESET EMAIL NEVER ARRIVES. I'VE TRIED RESETTING THREE TIMES. CAN YOU HELP?,chat,account_login_issue,UNMAPPED_cluster_7,False,pending,
msg_06729,"Hi team, chasing the refund on OB-95157. Thanks.",chat,refund_status,refund_status,True,pending,
msg_06745,Not sure who to ask about this but why was I charged full price when I used a voucher? Can you refund the difference? Regards.,web_form,discount_promo_code,discount_promo_code,True,pending,
msg_06766,I opened the box and the wireless keyboard was smashed. I've taken photos if you need them. I'd really appreciate a quick response.,email,damaged_item,noise,False,pending,
msg_06793,"Hello, my payment failed, how do I update it? The card was cancelled after fraud on my account. Any help appreciated.",chat,change_payment_method,change_payment_method,True,pending,
msg_06808,What's the current status of #OB6334? Any help appreciated.,email,order_status,order_status,True,pending,
msg_06838,"Hello, please update the payment method for my order. The card was cancelled after fraud on my account. Cheers.",chat,change_payment_method,change_payment_method,True,pending,
msg_06848,"Sorry to bother you but the screen was already broken when it arrived. I want a replacement, not a refund.",email,damaged_item,damaged_item,True,pending,
msg_06849,I NEED SOME HELP PLEASE. I'M BEING CHARGED MONTHLY AND I WANT IT TO STOP. I'D LIKE IT EVERY TWO MONTHS INSTEAD. I'D REALLY APPRECIATE A QUICK RESPONSE.,chat,subscription_manage,cancel_order,False,pending,
msg_06863,"Hey, I need to cancel the order I placed at the weekend. It hasn't shipped yet as far as I can tell.",email,cancel_order,cancel_order,True,pending,
msg_06878,"Hello, my order is late. I've taken time off work waiting for this. Cheers.",chat,delivery_delay,delivery_delay,True,pending,
msg_06881,"Hey, this order is now a week overdue. If it can't get here soon I'd rather cancel. Please get back to me asap.",web_form,delivery_delay,delivery_delay,True,pending,
msg_06908,"Hi OrderBuddy, can I get a receipt for 82437267? It needs to have my company name on it. Let me know.",email,invoice_receipt_request,invoice_receipt_request,True,pending,
msg_06931,I need some help please. you confirmed my return but I haven't been refunded. I have the return receipt if you need it. Can you help??,web_form,refund_status,refund_status,True,pending,
msg_06943,"Good morning, the delivary date has been pushed back twice now.",chat,delivery_delay,delivery_delay,True,pending,
msg_06953,I need some help please. OB-24996 arrived but one item wasn't in the box. The box didn't look tampered with. Please advise.,chat,missing_item,missing_item,True,pending,
msg_06955,Sorry to bother you but I want to update my billing details. The new card is already on my account.,email,change_payment_method,change_payment_method,True,pending,
msg_06960,i need some help please. the item in #ob3476 is cracked.,chat,damaged_item,damaged_item,True,pending,
msg_06965,Sorry to bother you but the item in the box isn't what I ordered,email,wrong_item_received,wrong_item_received,True,pending,
msg_06977,I need some help please. why was I charged full price when I used a voucher? I only ordered because of the offer. Let me know.,email,discount_promo_code,discount_promo_code,True,pending,
msg_07044,MY PARCEL CAME HALF EMPTY. THANKS.,chat,missing_item,noise,False,pending,
msg_07056,"Hi team, received the air fryer nearly ten days ago and it's clearly damaged. I've taken photos if you need them. Any help appreciated",chat,damaged_item,product_availability,False,pending,
msg_07059,"HI, PLEASE REDIRECT MY PARCEL TO MY WORK ADDRESS. I'LL SEND THE NEW ADDRESS ONCE YOU CONFIRM. PLEASE ADVISE.",chat,change_shipping_address,change_shipping_address,True,pending,
msg_07085,Instead of a refund can I just exchange it? Do I need to return the original first? Regards.,web_form,exchange_item,noise,False,pending,
msg_07116,I need to change the card on #372985. I'd really appreciate a quick response.,web_form,change_payment_method,change_payment_method,True,pending,
msg_07198,Not sure who to ask about this but can I exchange the coffee grinder for a different size? I'd rather have the black one.,email,exchange_item,UNMAPPED_cluster_21,False,pending,
msg_07233,"Good morning, how do I pause my monthly delivery? I'd like it every two months instead. Any help appreciated.",chat,subscription_manage,subscription_manage,True,pending,
msg_07241,Sorry to botehr you but the standing desk arrived damaged. Regards,chat,damaged_item,UNMAPPED_cluster_16,False,pending,
msg_07246,"Hi there, the discount wasn't applied to order 593599. Thank you.",chat,discount_promo_code,discount_promo_code,True,pending,
msg_07292,"Hello, I need a proper invoice for expenses. My accountant needs it for the quarter. Can you help?",chat,invoice_receipt_request,invoice_receipt_request,True,pending,
msg_07345,"Hi, the item I want is showing as sold out. I've been checking the site every day. Thanks!",email,product_availability,product_availability,True,pending,
msg_07357,"Hey, can I get a receipt for #OB6196?",email,invoice_receipt_request,invoice_receipt_request,True,pending,
msg_07405,"Good morning, when will two phone cases be back in stock? I've been checking the site every day. Can you help?",chat,product_availability,exchange_item,False,pending,
msg_07438,Not sure who to ask about this but can you apply my discount retroactively? It said code expired but it shouldn't be.,email,discount_promo_code,discount_promo_code,True,pending,
msg_07548,"Hi OrderBuddy, my parcel is way past its estimated delivery date. Regards.",chat,delivery_delay,delivery_delay,True,pending,
msg_07559,"I want to send this back, it isn't what I expected. The colour is nothing like the photos.",email,return_request,UNMAPPED_cluster_11,False,pending,
msg_07603,"Hey, is my order actually on its way or not? I never got a shipping confirmation email. Regards.",chat,order_status,order_status,True,pending,
msg_07615,"Hi there, is my order actually on its way or not? I ordered the espresso machine.",email,order_status,UNMAPPED_cluster_21,False,pending,
msg_07625,"Hello support, how do exchanges work?",web_form,exchange_item,noise,False,pending,
msg_07748,Not sure who to ask about this but how do I return an item? Let me know.,chat,return_request,return_request,True,pending,
msg_07749,I odered the desk lamp but got something completely different. I ordered a medium and received an extra small. Thanks!,web_form,wrong_item_received,UNMAPPED_cluster_16,False,pending,
msg_07767,I need to change teh card on #OB7542. The new card is already on my account. Can you help?,email,change_payment_method,change_payment_method,True,pending,
msg_07775,My refund hasn't come through yet. It's been over two weeks now. Regards.,web_form,refund_status,refund_status,True,pending,
msg_07844,"Quick question - I want to send this back, it isn't what I expected. I'm within teh 30 day window I think. Thanks in advance.",web_form,return_request,return_request,True,pending,
msg_07866,Can you send my order to a different address? Please advise.,email,change_shipping_address,change_shipping_address,True,pending,
msg_07871,"Hi there, I returned a set of bed sheets yesterday and still no refund.",chat,refund_status,exchange_item,False,pending,
msg_07885,"Quick question - wrong address on OB-90335, can you fix it? I'll send the new address once you confirm. Can you help?",web_form,change_shipping_address,change_shipping_address,True,pending,
msg_07923,Can I still cancel OB-14816 before it ships? I ordered the wrong size. Any help appreciated.,web_form,cancel_order,cancel_order,True,pending,
msg_07983,Can I change my subscription frequency? Please confirm nothing further will be charged.,chat,subscription_manage,subscription_manage,True,pending,
msg_07986,"Hi, I'm locked out of my account. I need to get in to track #217371. Thanks!",email,account_login_issue,UNMAPPED_cluster_7,False,pending,
msg_08010,"Hey, please update the payment method for my order. The card was cancelled after fraud on my account.",email,change_payment_method,change_payment_method,True,pending,
msg_08024,"Hi tehre, one of the items on my invoice never turned up. Regards.",email,missing_item,noise,False,pending,
msg_08068,"Hi OrderBuddy, I want to trade this in for a different model. Any help appreciated.",web_form,exchange_item,noise,False,pending,
msg_08069,"Hi, you confirmed my return but I haven't been refunded. Let me know.",web_form,refund_status,refund_status,True,pending,
msg_08073,I need some help please. how long do refunds take? Can you check which card it went back to? Cheers.,email,refund_status,UNMAPPED_cluster_14,False,pending,
msg_08077,"Hello, how do I update the delivery address? Cheers.",chat,change_shipping_address,change_shipping_address,True,pending,
msg_08112,I need some help please. my order is late. I've taken time off work waiting for this. Thanks.,chat,delivery_delay,delivery_delay,True,pending,
msg_08123,I need some help please. this order is now a week overdue. Can you tell me when it will actually arrive? Thanks!,web_form,delivery_delay,delivery_delay,True,pending,
msg_08152,Quick question - I want to cancel order 275995. Thank you.,chat,cancel_order,cancel_order,True,pending,
msg_08173,This is the third time I'm writing in. I have a 20% off code but it's being rejected. Cheers.,chat,discount_promo_code,noise,False,pending,
msg_08219,Why was I charged full price when I used a voucher? Any help appreciated.,email,discount_promo_code,discount_promo_code,True,pending,
msg_08242,I odered a pair of headphones on Friday and I've heard nothing since.,chat,order_status,exchange_item,False,pending,
msg_08252,Can you email me the invoice for the order I placed at the weekend? Thank you.,web_form,invoice_receipt_request,invoice_receipt_request,True,pending,
msg_08254,Sorry to bother you but I need an invoice for my records. It needs to have my company name on it. Regards.,email,invoice_receipt_request,invoice_receipt_request,True,pending,
msg_08279,Not sure who to ask about this but my parcel is way past its estimated delivery date. Can you tell me when it will actually arrive? Cheers.,email,delivery_delay,delivery_delay,True,pending,
msg_08289,"Hi team, how do I change teh email on my account? I need to get in to track 57911390.",email,account_login_issue,UNMAPPED_cluster_7,False,pending,
msg_08298,I need some help please. starting a return for my new backpack. The colour is nothing like the photos. Regards.,web_form,return_request,UNMAPPED_cluster_11,False,pending,
msg_08334,"Hey, received two phone cases three days ago and it's clearly damaged.",web_form,damaged_item,exchange_item,False,pending,
msg_08378,"Hello support, I can't log into my account. It keeps saying account not found. Please advise.",chat,account_login_issue,account_login_issue,True,pending,
msg_08379,I need some help please. how do I update the delivery address? It hasn't shipped yet so hopefully it's not too late. Regards.,web_form,change_shipping_address,change_shipping_address,True,pending,
msg_08396,"Hello support, how long do refunds take? Any help appreciated",chat,refund_status,noise,False,pending,
msg_08427,"Hi OrderBuddy, the kitchen scales is missing from my delivery. The packing slip lists it but it isn't there. Thanks.",chat,missing_item,UNMAPPED_cluster_10,False,pending,
msg_08434,I'd like to call off my order for my winter jacket. It hasn't shipped yet as far as I can tell. Please get back to me asap.,chat,cancel_order,UNMAPPED_cluster_11,False,pending,
msg_08502,"Hello, I paid for next day delivery and it's been on the 14th. Please advise.",email,delivery_delay,delivery_delay,True,pending,
msg_08509,"HI ORDERBUDDY, THE CODE FROM YOUR NEWSLETTER ISN'T VALID AT CHECKOUT. I ONLY ORDERED BECAUSE OF THE OFFER.",chat,discount_promo_code,noise,False,pending,
msg_08511,"Hi there, wrong address on 32435772, can you fix it? I put my old flat number in. Regards.",email,change_shipping_address,change_shipping_address,True,pending,
msg_08531,You sent me the wrong thing in #OB2112. Thanks!,web_form,wrong_item_received,wrong_item_received,True,pending,
msg_08597,Not sure who to ask about this but can I return my winter jacket that I bought on the 3rd? It's still unopened in the original packaging.,chat,return_request,UNMAPPED_cluster_11,False,pending,
msg_08606,This is the third time I'm writing in. my account seems to have been deleted. Any help appreciated.,email,account_login_issue,account_login_issue,True,pending,
msg_08617,"Hi team, can I still cancel order 842760 before it ships? I'd really appreciate a quick response.",web_form,cancel_order,cancel_order,True,pending,
msg_08665,"Hi team, teh card I used has expired, what do I do?",email,change_payment_method,change_payment_method,True,pending,
msg_08696,"Hey, chasing the refund on OB-71422. Can you check which card it went back to?",chat,refund_status,UNMAPPED_cluster_14,False,pending,
msg_08704,"Hi team, my password reset email never arrives. It keeps saying account not found. Thank you.",chat,account_login_issue,UNMAPPED_cluster_7,False,pending,
msg_08716,"good morning, please send me a vat invoice. can you help?",email,invoice_receipt_request,invoice_receipt_request,True,pending,
msg_08852,Not sure who to ask about this but I ordered three things and only two arrived. Is it being sent separately? Please get back to me asap.,chat,missing_item,missing_item,True,pending,
msg_08878,I want to cancel my subscription. I've got too much stock at home already.,web_form,subscription_manage,cancel_order,False,pending,
msg_08951,i need some help please. one of the items on my invoice never turned up. the box didn't look tampered with. cheers.,email,missing_item,noise,False,pending,
msg_08979,I've been waiting on hold so I'm trying here instead. is my oder actually on its way or not? The tracking number you sent doesn't work. Cheers.,email,order_status,order_status,True,pending,
msg_08993,Quick question - this isn't the size I ordered. Please advise.,email,wrong_item_received,cancel_order,False,pending,
msg_09005,"I need some help please. wrong address on #OB5427, can you fix it? I'll send the new address once you confirm. Please get back to me asap.",web_form,change_shipping_address,change_shipping_address,True,pending,
msg_09031,"Hello, can you send my order to a different address? I'll send the new address once you confirm. Please advise.",chat,change_shipping_address,change_shipping_address,True,pending,
msg_09069,Where is my order 62430868?? The tracking number you sent doesn't work. I'd really appreciate a quick response.,email,order_status,order_status,True,pending,
msg_09109,"Hey, I want to trade this in for a different model. Do I need to return the original first? Any help appreciated.",email,exchange_item,wrong_item_received,False,pending,
msg_09117,I returned two phone cases on the 3rd and still no refund. I have the return receipt if you need it. Please advise.,email,refund_status,exchange_item,False,pending,
msg_09128,"HI, THE ITEM I WANT IS SHOWING AS SOLD OUT. I'VE BEEN CHECKING THE SITE EVERY DAY. CAN YOU HELP?",email,product_availability,product_availability,True,pending,
msg_09147,"HEY, THE SITE WON'T ACCEPT MY PASSWORD. I'D REALLY APPRECIATE A QUICK RESPONSE.",email,account_login_issue,account_login_issue,True,pending,
msg_09148,"Hey, starting a return for my winter jacket.",web_form,return_request,UNMAPPED_cluster_11,False,pending,
msg_09164,"hi there, i want to trade this in for a different model. i'd rather have the black one. please advise",email,exchange_item,noise,False,pending,
msg_09177,The coffee grinder is missing from my delivery. I was charged for the full order. Thanks!,chat,missing_item,UNMAPPED_cluster_21,False,pending,
msg_09193,"Hi team, the site won't accept my password. It keeps saying account not found. Regards.",web_form,account_login_issue,account_login_issue,True,pending,
msg_09221,How do exchanges work? I'd ratehr have the black one. Cheers.,email,exchange_item,noise,False,pending,
msg_09229,"Hi team, can the delivery be changed to a neighbour? I put my old flat number in. Regards.",chat,change_shipping_address,noise,False,pending,
msg_09294,Sorry to bother you but could you look up 60499481 for me and tell me where it's at? It was supposed to be a gift so I'm getting nervous.,email,order_status,order_status,True,pending,
msg_09299,The packaging was crushed and the contents are ruined.,chat,damaged_item,damaged_item,True,pending,
msg_09305,Sorry to bother you but the delivary date has been pushed back twice now. I've taken time off work waiting for this. Please advise.,chat,delivery_delay,delivery_delay,True,pending,
msg_09328,"Hello, when will my winter jacket be back in stock? Please advise.",web_form,product_availability,UNMAPPED_cluster_11,False,pending,
msg_09332,I need some help please. I need to update what's in my subscription box. I don't remember signing up for this.,chat,subscription_manage,subscription_manage,True,pending,
msg_09393,"Hello, I'd like to send back #632576.",chat,return_request,return_request,True,pending,
msg_09451,"HI THERE, ANY UPDATE ON OB-83853? LET ME KNOW.",email,order_status,order_status,True,pending,
msg_09452,"Hello support, my parcel came half empty. The box didn't look tampered with.",email,missing_item,noise,False,pending,
msg_09453,Not sure who to ask about this but any update on order 252553? The app just says processing. Regards.,web_form,order_status,order_status,True,pending,
msg_09488,I need some help please. what's the current status of OB-32335?? Thanks in advance.,email,order_status,order_status,True,pending,
msg_09507,Please send me a returns label for OB-23083. Do I have to pay for return postage? Let me know.,chat,return_request,exchange_item,False,pending,
msg_09521,"Hi there, can I change my subscription frequency? I'd like it every two months instead. Please get back to me asap.",chat,subscription_manage,subscription_manage,True,pending,
msg_09537,"Good morning, what's the current status of 51853663? I ordered the air fryer. Thanks in advance.",web_form,order_status,product_availability,False,pending,
msg_09542,Quick question - #OB8999 was due on Friday and it still hasn't turned up.,chat,delivery_delay,order_status,False,pending,
msg_09575,"Hi, could you resend the receipt for OB-86876? It needs to have my company name on it. Please advise.",web_form,invoice_receipt_request,invoice_receipt_request,True,pending,
msg_09637,I need some help please. my parcel came half empty. Is it being sent separately? Thank you.,email,missing_item,noise,False,pending,
msg_09670,Please update the payment method for my oder. I don't want the order held up over this. Thanks!,email,change_payment_method,change_payment_method,True,pending,
msg_09725,"Hey, teh courier keeps saying delayed with no explanation. This is really frustrating.",web_form,delivery_delay,noise,False,pending,
msg_09736,Why was I charged full price when I used a voucher? Can you refund the difference? Thanks in advance.,web_form,discount_promo_code,discount_promo_code,True,pending,
msg_09825,I need some help please. #776162 arrived but one item wasn't in the box. Is it being sent separately?,chat,missing_item,missing_item,True,pending,
msg_09842,"hi there, my payment failed, how do i update it? my bank flagged the transaction. thanks.",email,change_payment_method,change_payment_method,True,pending,
msg_09873,"Hey, when will I get my money back for order 742411? Thank you.",email,refund_status,UNMAPPED_cluster_14,False,pending,
msg_09882,i've been waiting on hold so i'm trying here instead. this isn't the size i odered. please send the correct item as soon as possible. please advise.,web_form,wrong_item_received,cancel_order,False,pending,
msg_09917,i received the wrong item. i'd really appreciate a quick response.,chat,wrong_item_received,wrong_item_received,True,pending,
msg_09920,"Hi there, cancel OB-13864 please, I ordered by mistake. Please confirm the cancellation in writing.",chat,cancel_order,cancel_order,True,pending,
msg_09974,"Hi, I want to send this back, it isn't what I expected. The colour is nothing like the photos. Regards",email,return_request,UNMAPPED_cluster_11,False,pending,
